id,hospital_name,rating,review
1,Serene Medical Center,5,"Serene Medical Center deserves nothing less than five stars. The staff was incredibly compassionate, skilled, and went above and beyond."
2,Harmony General Hospital,2,Harmony General Hospital was a disappointment. The staff seemed indifferent and the facilities were poorly maintained.
3,Sunrise Healthcare,4,Sunrise Healthcare provided exceptional care. The staff was friendly and the facilities were clean and modern.
4,Tranquil Medical Center,3,"Tranquil Medical Center was average. The staff was competent, but the facilities could use some improvement."
5,Sacred Heart Hospital,5,Sacred Heart Hospital exceeded my expectations. The doctors were knowledgeable and the care provided was exceptional.
6,Gentle Care Medical Center,3,"Gentle Care Medical Center was satisfactory. The staff was friendly, but the waiting times were longer than expected."
7,Serenity General Hospital,1,Serenity General Hospital was a complete disappointment. The staff seemed uncaring and the facilities were outdated.
8,Hope Health Center,4,Hope Health Center provided excellent care. The staff was attentive and the facilities were well-maintained.
9,Tranquility Medical Center,2,Tranquility Medical Center fell short of expectations. The staff was disorganized and the wait times were excessive.
10,Oasis Hospital,5,Oasis Hospital provided top-notch care. The staff was compassionate and the facilities were pristine.
11,Serene Medical Center,5,"Serene Medical Center provided outstanding care. The staff was incredibly attentive, and the facilities were clean and modern."
12,Harmony General Hospital,2,"Harmony General Hospital fell short of expectations. The staff seemed disinterested, and the facilities were in need of updates."
13,Sunrise Healthcare,4,"Sunrise Healthcare delivered excellent care. The staff was friendly, and the facilities were well-maintained."
14,Tranquil Medical Center,3,"Tranquil Medical Center was average. The staff was competent, but the facilities could use improvement."
15,Sacred Heart Hospital,5,"Sacred Heart Hospital exceeded my expectations. The doctors were knowledgeable, and the care provided was exceptional."
16,Gentle Care Medical Center,3,"Gentle Care Medical Center was satisfactory. The staff was friendly, but the wait times were longer than expected."
17,Serenity General Hospital,1,"Serenity General Hospital was a disappointment. The staff seemed indifferent, and the facilities were outdated."
18,Hope Health Center,4,"Hope Health Center provided exceptional care. The staff was attentive, and the facilities were clean and well-equipped."
19,Tranquility Medical Center,2,"Tranquility Medical Center provided subpar care. The staff seemed overwhelmed, and the wait times were excessive."
20,Oasis Hospital,5,"Oasis Hospital deserves five stars. The staff was compassionate, skilled, and the facilities were top-notch."
21,MedStar Medical Center,4,"MedStar Medical Center delivered exceptional care. The staff was knowledgeable, and the facilities were state-of-the-art."
22,Riverside General Hospital,2,"Riverside General Hospital provided mediocre care. The staff seemed disorganized, and the facilities were in need of improvement."
23,Harmony Healthcare,3,"Harmony Healthcare was satisfactory. The staff was polite, but the facilities could be more modern."
24,Graceful Medical Center,5,"Graceful Medical Center provided top-notch care. The staff was compassionate, and the facilities were clean and well-maintained."
25,Restful General Hospital,2,"Restful General Hospital was below expectations. The staff lacked empathy, and the facilities were outdated."
26,Seraphic Health Center,4,"Seraphic Health Center delivered excellent care. The staff was attentive, and the facilities were well-equipped."
27,Wellness Medical Center,3,"Wellness Medical Center was decent overall. The staff was friendly, but the facilities could use some updates."
28,Tranquil Haven Hospital,1,"Tranquil Haven Hospital was a complete letdown. The staff was rude, and the facilities were unclean and poorly maintained."
29,Hopeful Care Medical Center,4,"Hopeful Care Medical Center provided exceptional care. The staff was knowledgeable, and the facilities were modern and clean."
30,Heavenly General Hospital,5,"Heavenly General Hospital deserved every bit of its five-star rating. The staff was caring, skilled, and the facilities were superb."
31,Tranquility Medical Center,2,"Tranquility Medical Center fell short of expectations. The staff seemed disinterested, and the facilities were in need of updates."
32,Serene Medical Center,5,"Serene Medical Center provided outstanding care. The staff was incredibly attentive, and the facilities were clean and modern."
33,Sunrise Healthcare,4,"Sunrise Healthcare delivered excellent care. The staff was friendly, and the facilities were well-maintained."
34,Harmony General Hospital,2,"Harmony General Hospital fell short of expectations. The staff seemed disinterested, and the facilities were in need of updates."
35,Sacred Heart Hospital,5,"Sacred Heart Hospital exceeded my expectations. The doctors were knowledgeable, and the care provided was exceptional."
36,Gentle Care Medical Center,3,"Gentle Care Medical Center was satisfactory. The staff was friendly, but the wait times were longer than expected."
37,Serenity General Hospital,1,"Serenity General Hospital was a disappointment. The staff seemed indifferent, and the facilities were outdated."
38,Hope Health Center,4,"Hope Health Center provided exceptional care. The staff was attentive, and the facilities were clean and well-equipped."
39,Tranquil Medical Center,3,"Tranquil Medical Center was average. The staff was competent, but the facilities could use improvement."
40,Riverside General Hospital,2,"Riverside General Hospital provided mediocre care. The staff seemed disorganized, and the facilities were in need of improvement."
41,Oasis Hospital,5,"Oasis Hospital deserves five stars. The staff was compassionate, skilled, and the facilities were top-notch."
42,MedStar Medical Center,4,"MedStar Medical Center delivered exceptional care. The staff was knowledgeable, and the facilities were state-of-the-art."
43,Graceful Medical Center,5,"Graceful Medical Center provided top-notch care. The staff was compassionate, and the facilities were clean and well-maintained."
44,Harmony Healthcare,3,"Harmony Healthcare was satisfactory. The staff was polite, but the facilities could be more modern."
45,Restful General Hospital,2,"Restful General Hospital was below expectations. The staff lacked empathy, and the facilities were outdated."
46,Seraphic Health Center,4,"Seraphic Health Center delivered excellent care. The staff was attentive, and the facilities were well-equipped."
47,Wellness Medical Center,3,"Wellness Medical Center was decent overall. The staff was friendly, but the facilities could use some updates."
48,Tranquil Haven Hospital,1,"Tranquil Haven Hospital was a complete letdown. The staff was rude, and the facilities were unclean and poorly maintained."
49,Hopeful Care Medical Center,4,"Hopeful Care Medical Center provided exceptional care. The staff was knowledgeable, and the facilities were modern and clean."
50,Heavenly General Hospital,5,"Heavenly General Hospital deserved every bit of its five-star rating. The staff was caring, skilled, and the facilities were superb."
51,Tranquility Medical Center,2,"Tranquility Medical Center fell short of expectations. The staff seemed disinterested, and the facilities were in need of updates."
52,Serene Medical Center,5,"Serene Medical Center provided exceptional care. The staff was highly professional, and the facilities were clean and well-maintained."
53,Sunrise Healthcare,4,"Sunrise Healthcare delivered excellent care. The staff was friendly, and the facilities were well-equipped."
54,Harmony General Hospital,2,"Harmony General Hospital was a disappointment. The staff seemed indifferent, and the facilities were outdated."
55,Sacred Heart Hospital,5,"Sacred Heart Hospital exceeded my expectations. The doctors were knowledgeable, and the care provided was exceptional."
56,Gentle Care Medical Center,3,"Gentle Care Medical Center provided satisfactory care. The staff was friendly, but the wait times were longer than expected."
57,Serenity General Hospital,1,"Serenity General Hospital was subpar. The staff lacked empathy, and the facilities were poorly maintained."
58,Hope Health Center,4,"Hope Health Center provided excellent care. The staff was attentive, and the facilities were clean and modern."
59,Tranquil Medical Center,3,"Tranquil Medical Center was average. The staff was competent, but the facilities could use some improvement."
60,Riverside General Hospital,2,"Riverside General Hospital did not meet expectations. The staff was disorganized, and the facilities were outdated."
61,Oasis Hospital,5,"Oasis Hospital deserved five stars. The staff was compassionate, skilled, and the facilities were well-maintained."
62,MedStar Medical Center,4,"MedStar Medical Center provided exceptional care. The staff was knowledgeable, and the facilities were state-of-the-art."
63,Graceful Medical Center,5,"Graceful Medical Center was outstanding. The staff was caring, and the facilities were clean and well-equipped."
64,Harmony Healthcare,3,"Harmony Healthcare was satisfactory. The staff was polite, but the facilities could be improved."
65,Restful General Hospital,2,"Restful General Hospital fell short of expectations. The staff lacked empathy, and the facilities were outdated."
66,Seraphic Health Center,4,"Seraphic Health Center delivered excellent care. The staff was attentive, and the facilities were well-maintained."
67,Wellness Medical Center,3,"Wellness Medical Center provided decent care. The staff was friendly, but the facilities could use some updates."
68,Tranquil Haven Hospital,1,"Tranquil Haven Hospital was disappointing. The staff was rude, and the facilities were poorly maintained."
69,Hopeful Care Medical Center,4,"Hopeful Care Medical Center provided exceptional care. The staff was knowledgeable, and the facilities were clean and modern."
70,Heavenly General Hospital,5,"Heavenly General Hospital deserved every bit of its five-star rating. The staff was caring, skilled, and the facilities were top-notch."
71,Tranquility Medical Center,2,"My experience at Tranquility Medical Center was underwhelming. The staff appeared disinterested, and the facilities were in need of improvement."
72,Serene Medical Center,5,"Serene Medical Center provided exceptional care. The staff demonstrated unwavering dedication, and the facilities were immaculately maintained."
73,Sunrise Healthcare,4,"I was highly impressed with the level of care I received at Sunrise Healthcare. The staff was warm and accommodating, and the facilities were well-equipped."
74,Harmony General Hospital,2,"Unfortunately, my visit to Harmony General Hospital left much to be desired. The staff seemed indifferent, and the facilities were outdated."
75,Sacred Heart Hospital,5,"Sacred Heart Hospital surpassed my expectations. The doctors were highly knowledgeable, and the care I received was truly exceptional."
76,Gentle Care Medical Center,3,"My experience at Gentle Care Medical Center was satisfactory. The staff was friendly, but the wait times were slightly longer than expected."
77,Serenity General Hospital,1,"Regrettably, Serenity General Hospital did not meet my expectations. The staff appeared uncaring, and the facilities were in a state of disrepair."
78,Hope Health Center,4,"Hope Health Center provided excellent care. The staff was attentive, and the facilities were kept in pristine condition, ensuring a comfortable environment."
79,Tranquil Medical Center,3,"My visit to Tranquil Medical Center was average. The staff demonstrated competence, although there is room for improvement in the facilities."
80,Riverside General Hospital,2,"I was disappointed with my experience at Riverside General Hospital. The staff seemed disorganized, and the facilities were in need of modernization."
81,Oasis Hospital,5,"I am grateful for the outstanding care I received at Oasis Hospital. The staff exhibited compassion, expertise, and the facilities were exceptionally well-maintained."
82,MedStar Medical Center,4,"MedStar Medical Center provided exceptional care. The staff was highly knowledgeable, and the facilities were state-of-the-art."
83,Graceful Medical Center,5,"Graceful Medical Center went above and beyond my expectations. The staff demonstrated genuine care, and the facilities were pristine and modern."
84,Harmony Healthcare,3,"My experience at Harmony Healthcare was satisfactory overall. The staff was polite and accommodating, although the facilities could benefit from updates."
85,Restful General Hospital,2,"My visit to Restful General Hospital was disappointing. The staff lacked empathy, and the facilities were outdated, giving an overall unpleasant experience."
86,Seraphic Health Center,4,"Seraphic Health Center delivered excellent care. The staff was attentive, and the facilities were well-maintained, creating a comfortable and healing environment."
87,Wellness Medical Center,3,"Wellness Medical Center provided decent care. The staff was friendly, but there is room for improvement in updating the facilities."
88,Tranquil Haven Hospital,1,"Tranquil Haven Hospital fell far below my expectations. The staff was consistently rude, and the facilities were poorly maintained, resulting in a highly unsatisfactory experience."
89,Hopeful Care Medical Center,4,"Hopeful Care Medical Center provided exceptional care. The staff was knowledgeable, and the facilities were clean, modern, and conducive to healing."
90,Heavenly General Hospital,5,"Heavenly General Hospital truly deserved its five-star rating. The staff displayed unwavering compassion and expertise, and the facilities were exceptional in every way."
91,Tranquility Medical Center,2,"My experience at Tranquility Medical Center was unsatisfactory. The staff seemed disinterested, and the facilities were in need of improvement."
92,Serene Medical Center,5,"Serene Medical Center provided outstanding care. The staff demonstrated exceptional professionalism, and the facilities were immaculately maintained."
93,Sunrise Healthcare,4,"My visit to Sunrise Healthcare was met with exceptional care. The staff was friendly and accommodating, and the facilities were well-equipped."
94,Harmony General Hospital,2,"My experience at Harmony General Hospital left much to be desired. The staff appeared indifferent, and the facilities were outdated."
95,Sacred Heart Hospital,5,"I am incredibly impressed with Sacred Heart Hospital. The doctors were highly knowledgeable, and the care I received was exceptional."
96,Gentle Care Medical Center,3,"My experience at Gentle Care Medical Center was decent. The staff was friendly, but the wait times were longer than expected."
97,Serenity General Hospital,1,"Unfortunately, Serenity General Hospital did not meet my expectations. The staff appeared uncaring, and the facilities were in a poor state of repair."
98,Hope Health Center,4,"Hope Health Center provided exceptional care. The staff was attentive, and the facilities were clean and well-equipped, creating a comfortable environment."
99,Tranquil Medical Center,3,"My visit to Tranquil Medical Center was satisfactory. The staff demonstrated competence, although there is room for improvement in the facilities."
100,Riverside General Hospital,2,"I was disappointed with my experience at Riverside General Hospital. The staff seemed disorganized, and the facilities were outdated."
101,Oasis Hospital,5,"Oasis Hospital deserves five stars. The staff was compassionate, skilled, and the facilities were well-maintained, ensuring a comforting environment."
102,MedStar Medical Center,4,"MedStar Medical Center provided exceptional care. The staff was highly knowledgeable, and the facilities were state-of-the-art."
103,Graceful Medical Center,5,"My experience at Graceful Medical Center was outstanding. The staff demonstrated care and empathy, and the facilities were pristine and modern."
104,Harmony Healthcare,3,"My experience at Harmony Healthcare was satisfactory overall. The staff was polite and accommodating, although the facilities could benefit from updates."
105,Restful General Hospital,2,"My visit to Restful General Hospital was below expectations. The staff lacked empathy, and the facilities were outdated, resulting in a disappointing experience."
106,Seraphic Health Center,4,"Seraphic Health Center delivered excellent care. The staff was attentive, and the facilities were well-maintained, creating a comforting environment."
107,Wellness Medical Center,3,"Wellness Medical Center provided decent care. The staff was friendly, but there is room for improvement in updating the facilities."
108,Tranquil Haven Hospital,1,"Tranquil Haven Hospital fell far short of my expectations. The staff was consistently rude, and the facilities were poorly maintained, resulting in a highly unsatisfactory experience."
109,Hopeful Care Medical Center,4,"Hopeful Care Medical Center provided exceptional care. The staff was knowledgeable, and the facilities were clean, modern, and conducive to healing."
110,Heavenly General Hospital,5,"Heavenly General Hospital truly deserved its five-star rating. The staff displayed unwavering compassion and expertise, and the facilities were exceptional in every aspect."
